{
  "resources": [
    "audiosprite.ogg",
    "audiosprite.mp3"
  ],
  "spritemap": {
    "ding": {
      "start": 0,
      "end": 1.5173015873015874,
      "loop": false
    },
    "explosion": {
      "start": 3,
      "end": 7.921473922902495,
      "loop": false
    },
    "gong": {
      "start": 9,
      "end": 19.19952380952381,
      "loop": false
    },
    "letsGo": {
      "start": 21,
      "end": 21.991587301587302,
      "loop": false
    },
    "ohNo": {
      "start": 23,
      "end": 24.258095238095237,
      "loop": false
    },
    "ohYeah": {
      "start": 26,
      "end": 28,
      "loop": false
    },
    "thud": {
      "start": 29,
      "end": 29.444784580498865,
      "loop": false
    },
    "wooden": {
      "start": 31,
      "end": 32.153673469387755,
      "loop": false
    },
    "swish": {
      "start": 34,
      "end": 34.34249433106576,
      "loop": false
    }
  }
}