{
  "resources": [
    "audiosprite.mp3",
    "audiosprite.ogg"
  ],
  "spritemap": {
    "ding": {
      "start": 0,
      "end": 1.5173015873015874,
      "loop": false
    },
    "dong": {
      "start": 3,
      "end": 5.316190476190476,
      "loop": false
    },
    "explosion": {
      "start": 7,
      "end": 11.921473922902495,
      "loop": false
    },
    "gong": {
      "start": 13,
      "end": 23.19952380952381,
      "loop": false
    },
    "letsGo": {
      "start": 25,
      "end": 25.991587301587302,
      "loop": false
    },
    "ohNo": {
      "start": 27,
      "end": 28.258095238095237,
      "loop": false
    },
    "ohYeah": {
      "start": 30,
      "end": 32,
      "loop": false
    },
    "punch": {
      "start": 33,
      "end": 33.66612244897959,
      "loop": false
    },
    "thud": {
      "start": 35,
      "end": 35.44478458049887,
      "loop": false
    },
    "wooden": {
      "start": 37,
      "end": 38.153673469387755,
      "loop": false
    },
    "swish": {
      "start": 40,
      "end": 40.34249433106576,
      "loop": false
    }
  }
}